<?xml version="1.0" encoding="UTF-8"?>
<project-private xmlns="http://www.netbeans.org/ns/project-private/1">
    <editor-bookmarks xmlns="http://www.netbeans.org/ns/editor-bookmarks/2" lastBookmarkId="0"/>
    <open-files xmlns="http://www.netbeans.org/ns/projectui-open-files/2">
        <group>
            <file>file:/C:/Users/cflot/OneDrive/Escritorio/PROYECTO%20PUNTO%20DE%20VENTA/PuntoDeVenta/PuntoDeVenta/src/Jfroms/Inicio.java</file>
            <file>file:/C:/Users/cflot/OneDrive/Escritorio/PROYECTO%20PUNTO%20DE%20VENTA/PuntoDeVenta/PuntoDeVenta/src/Jfroms/Login.java</file>
            <file>file:/C:/Users/cflot/OneDrive/Escritorio/PROYECTO%20PUNTO%20DE%20VENTA/PuntoDeVenta/PuntoDeVenta/src/Conexion/Conexion.java</file>
        </group>
    </open-files>
</project-private>
